Dates,yesterday price,dates +1,today's price
Feb-27-2017,849.67,Feb-28-2017,844.93
Feb-28-2017,844.93,Mar-01-2017,856.75
Mar-01-2017,856.75,Mar-02-2017,849.85
Mar-02-2017,849.85,Mar-03-2017,849.08
Mar-03-2017,849.08,Mar-06-2017,847.27
Mar-06-2017,847.27,Mar-07-2017,851.15
Mar-07-2017,851.15,Mar-08-2017,853.64
Mar-08-2017,853.64,Mar-09-2017,857.84
Mar-09-2017,857.84,Mar-10-2017,861.41
Mar-10-2017,861.41,Mar-13-2017,864.58
Mar-13-2017,864.58,Mar-14-2017,865.91
Mar-14-2017,865.91,Mar-15-2017,868.39
Mar-15-2017,868.39,Mar-16-2017,870.00
Mar-16-2017,870.00,Mar-17-2017,872.37
Mar-17-2017,872.37,Mar-20-2017,867.91
Mar-20-2017,867.91,Mar-21-2017,850.14
Mar-21-2017,850.14,Mar-22-2017,849.80
Mar-22-2017,849.80,Mar-23-2017,839.65
Mar-23-2017,839.65,Mar-24-2017,835.14
Mar-24-2017,835.14,Mar-27-2017,838.51
Mar-27-2017,838.51,Mar-28-2017,840.63
Mar-28-2017,840.63,Mar-29-2017,849.87
Mar-29-2017,849.87,Mar-30-2017,849.48
Mar-30-2017,849.48,Mar-31-2017,847.80
Mar-31-2017,847.80,Apr-03-2017,856.75
Apr-03-2017,856.75,Apr-04-2017,852.57
Apr-04-2017,852.57,Apr-05-2017,848.91
Apr-05-2017,848.91,Apr-06-2017,845.10
Apr-06-2017,845.10,Apr-07-2017,842.10
Apr-07-2017,842.10,Apr-10-2017,841.70
Apr-10-2017,841.70,Apr-11-2017,839.88
Apr-11-2017,839.88,Apr-12-2017,841.46
Apr-12-2017,841.46,Apr-13-2017,840.18
Apr-13-2017,840.18,Apr-17-2017,855.13
Apr-17-2017,855.13,Apr-18-2017,853.99
Apr-18-2017,853.99,Apr-19-2017,856.51
Apr-19-2017,856.51,Apr-20-2017,860.08
Apr-20-2017,860.08,Apr-21-2017,858.95
Apr-21-2017,858.95,Apr-24-2017,878.93
Apr-24-2017,878.93,Apr-25-2017,888.84
Apr-25-2017,888.84,Apr-26-2017,889.14
Apr-26-2017,889.14,Apr-27-2017,891.44
Apr-27-2017,891.44,Apr-28-2017,924.52
Apr-28-2017,924.52,May-01-2017,932.82
May-01-2017,932.82,May-02-2017,937.09
May-02-2017,937.09,May-03-2017,948.45
May-03-2017,948.45,May-04-2017,954.72
May-04-2017,954.72,May-05-2017,950.28
May-05-2017,950.28,May-08-2017,958.69
May-08-2017,958.69,May-09-2017,956.71
May-09-2017,956.71,May-10-2017,954.84
May-10-2017,954.84,May-11-2017,955.89
May-11-2017,955.89,May-12-2017,955.14
May-12-2017,955.14,May-15-2017,959.22
May-15-2017,959.22,May-16-2017,964.61
May-16-2017,964.61,May-17-2017,942.17
May-17-2017,942.17,May-18-2017,950.50
May-18-2017,950.50,May-19-2017,954.65
May-19-2017,954.65,May-22-2017,964.07
May-22-2017,964.07,May-23-2017,970.55
May-23-2017,970.55,May-24-2017,977.61
May-24-2017,977.61,May-25-2017,991.86
May-25-2017,991.86,May-26-2017,993.27
May-26-2017,993.27,May-30-2017,996.17
May-30-2017,996.17,May-31-2017,987.09
May-31-2017,987.09,Jun-01-2017,988.29
Jun-01-2017,988.29,Jun-02-2017,996.12
Jun-02-2017,996.12,Jun-05-2017,1003.88
Jun-05-2017,1003.88,Jun-06-2017,996.68
Jun-06-2017,996.68,Jun-07-2017,1001.59
Jun-07-2017,1001.59,Jun-08-2017,1004.28
Jun-08-2017,1004.28,Jun-09-2017,970.12
Jun-09-2017,970.12,Jun-12-2017,961.81
Jun-12-2017,961.81,Jun-13-2017,970.50
Jun-13-2017,970.50,Jun-14-2017,967.93
Jun-14-2017,967.93,Jun-15-2017,960.18
Jun-15-2017,960.18,Jun-16-2017,958.62
Jun-16-2017,958.62,Jun-19-2017,975.22
Jun-19-2017,975.22,Jun-20-2017,968.99
Jun-20-2017,968.99,Jun-21-2017,978.59
Jun-21-2017,978.59,Jun-22-2017,976.62
Jun-22-2017,976.62,Jun-23-2017,986.09
Jun-23-2017,986.09,Jun-26-2017,972.09
Jun-26-2017,972.09,Jun-27-2017,948.09
Jun-27-2017,948.09,Jun-28-2017,961.01
Jun-28-2017,961.01,Jun-29-2017,937.82
Jun-29-2017,937.82,Jun-30-2017,929.68
Jun-30-2017,929.68,Jul-03-2017,919.46
Jul-03-2017,919.46,Jul-05-2017,932.26
Jul-05-2017,932.26,Jul-06-2017,927.69
Jul-06-2017,927.69,Jul-07-2017,940.81
Jul-07-2017,940.81,Jul-10-2017,951.00
Jul-10-2017,951.00,Jul-11-2017,953.53
Jul-11-2017,953.53,Jul-12-2017,967.66
Jul-12-2017,967.66,Jul-13-2017,968.85
Jul-13-2017,968.85,Jul-14-2017,976.91
Jul-14-2017,976.91,Jul-17-2017,975.96
Jul-17-2017,975.96,Jul-18-2017,986.95
Jul-18-2017,986.95,Jul-19-2017,992.77
Jul-19-2017,992.77,Jul-20-2017,992.19
Jul-20-2017,992.19,Jul-21-2017,993.84
Jul-21-2017,993.84,Jul-24-2017,998.31
Jul-24-2017,998.31,Jul-25-2017,969.03
Jul-25-2017,969.03,Jul-26-2017,965.31
Jul-26-2017,965.31,Jul-27-2017,952.51
Jul-27-2017,952.51,Jul-28-2017,958.33
Jul-28-2017,958.33,Jul-31-2017,945.50
Jul-31-2017,945.50,Aug-01-2017,946.56
Aug-01-2017,946.56,Aug-02-2017,947.64
Aug-02-2017,947.64,Aug-03-2017,940.30
Aug-03-2017,940.30,Aug-04-2017,945.79
Aug-04-2017,945.79,Aug-07-2017,945.75
Aug-07-2017,945.75,Aug-08-2017,944.19
Aug-08-2017,944.19,Aug-09-2017,940.08
Aug-09-2017,940.08,Aug-10-2017,923.59
Aug-10-2017,923.59,Aug-11-2017,930.09
Aug-11-2017,930.09,Aug-14-2017,938.93
Aug-14-2017,938.93,Aug-15-2017,938.08
Aug-15-2017,938.08,Aug-16-2017,944.27
Aug-16-2017,944.27,Aug-17-2017,927.66
Aug-17-2017,927.66,Aug-18-2017,926.18
Aug-18-2017,926.18,Aug-21-2017,920.87
Aug-21-2017,920.87,Aug-22-2017,940.40
Aug-22-2017,940.40,Aug-23-2017,942.58
Aug-23-2017,942.58,Aug-24-2017,936.89
Aug-24-2017,936.89,Aug-25-2017,930.50
Aug-25-2017,930.50,Aug-28-2017,928.13
Aug-28-2017,928.13,Aug-29-2017,935.75
Aug-29-2017,935.75,Aug-30-2017,943.63
Aug-30-2017,943.63,Aug-31-2017,955.24
Aug-31-2017,955.24,Sep-01-2017,951.99
Sep-01-2017,951.99,Sep-05-2017,941.48
Sep-05-2017,941.48,Sep-06-2017,942.02
Sep-06-2017,942.02,Sep-07-2017,949.89
Sep-07-2017,949.89,Sep-08-2017,941.41
Sep-08-2017,941.41,Sep-11-2017,943.29
Sep-11-2017,943.29,Sep-12-2017,946.65
Sep-12-2017,946.65,Sep-13-2017,950.44
Sep-13-2017,950.44,Sep-14-2017,940.13
Sep-14-2017,940.13,Sep-15-2017,935.29
Sep-15-2017,935.29,Sep-18-2017,929.75
Sep-18-2017,929.75,Sep-19-2017,936.86
Sep-19-2017,936.86,Sep-20-2017,947.54
Sep-20-2017,947.54,Sep-21-2017,947.55
Sep-21-2017,947.55,Sep-22-2017,943.26
Sep-22-2017,943.26,Sep-25-2017,934.28
Sep-25-2017,934.28,Sep-26-2017,937.43
Sep-26-2017,937.43,Sep-27-2017,959.90
Sep-27-2017,959.90,Sep-28-2017,964.81
Sep-28-2017,964.81,Sep-29-2017,973.72
Sep-29-2017,973.72,Oct-02-2017,967.47
Oct-02-2017,967.47,Oct-03-2017,972.08
Oct-03-2017,972.08,Oct-04-2017,966.78
Oct-04-2017,966.78,Oct-05-2017,985.19
Oct-05-2017,985.19,Oct-06-2017,993.64
Oct-06-2017,993.64,Oct-09-2017,992.31
Oct-09-2017,992.31,Oct-10-2017,987.80
Oct-10-2017,987.80,Oct-11-2017,1005.65
Oct-11-2017,1005.65,Oct-12-2017,1005.65
Oct-12-2017,1005.65,Oct-13-2017,1007.87
Oct-13-2017,1007.87,Oct-16-2017,1009.35
Oct-16-2017,1009.35,Oct-17-2017,1011.00
Oct-17-2017,1011.00,Oct-18-2017,1012.74
Oct-18-2017,1012.74,Oct-19-2017,1001.84
Oct-19-2017,1001.84,Oct-20-2017,1005.07
Oct-20-2017,1005.07,Oct-23-2017,985.54
Oct-23-2017,985.54,Oct-24-2017,988.49
Oct-24-2017,988.49,Oct-25-2017,991.46
Oct-25-2017,991.46,Oct-26-2017,991.42
Oct-26-2017,991.42,Oct-27-2017,1033.67
Oct-27-2017,1033.67,Oct-30-2017,1033.13
Oct-30-2017,1033.13,Oct-31-2017,1033.04
Oct-31-2017,1033.04,Nov-01-2017,1042.60
Nov-01-2017,1042.60,Nov-02-2017,1042.97
Nov-02-2017,1042.97,Nov-03-2017,1049.99
Nov-03-2017,1049.99,Nov-06-2017,1042.68
Nov-06-2017,1042.68,Nov-07-2017,1052.39
Nov-07-2017,1052.39,Nov-08-2017,1058.29
Nov-08-2017,1058.29,Nov-09-2017,1047.72
Nov-09-2017,1047.72,Nov-10-2017,1044.15
Nov-10-2017,1044.15,Nov-13-2017,1041.20
Nov-13-2017,1041.20,Nov-14-2017,1041.64
Nov-14-2017,1041.64,Nov-15-2017,1036.41
Nov-15-2017,1036.41,Nov-16-2017,1048.47
Nov-16-2017,1048.47,Nov-17-2017,1035.89
Nov-17-2017,1035.89,Nov-20-2017,1034.66
Nov-20-2017,1034.66,Nov-21-2017,1050.30
Nov-21-2017,1050.30,Nov-22-2017,1051.92
Nov-22-2017,1051.92,Nov-24-2017,1056.52
Nov-24-2017,1056.52,Nov-27-2017,1072.01
Nov-27-2017,1072.01,Nov-28-2017,1063.29
Nov-28-2017,1063.29,Nov-29-2017,1037.38
Nov-29-2017,1037.38,Nov-30-2017,1036.17
Nov-30-2017,1036.17,Dec-01-2017,1025.07
Dec-01-2017,1025.07,Dec-04-2017,1011.87
Dec-04-2017,1011.87,Dec-05-2017,1019.60
Dec-05-2017,1019.60,Dec-06-2017,1032.72
Dec-06-2017,1032.72,Dec-07-2017,1044.57
Dec-07-2017,1044.57,Dec-08-2017,1049.38
Dec-08-2017,1049.38,Dec-11-2017,1051.97
Dec-11-2017,1051.97,Dec-12-2017,1048.77
Dec-12-2017,1048.77,Dec-13-2017,1051.39
Dec-13-2017,1051.39,Dec-14-2017,1057.47
Dec-14-2017,1057.47,Dec-15-2017,1072.00
Dec-15-2017,1072.00,Dec-18-2017,1085.09
Dec-18-2017,1085.09,Dec-19-2017,1079.78
Dec-19-2017,1079.78,Dec-20-2017,1073.56
Dec-20-2017,1073.56,Dec-21-2017,1070.85
Dec-21-2017,1070.85,Dec-22-2017,1068.86
Dec-22-2017,1068.86,Dec-26-2017,1065.85
Dec-26-2017,1065.85,Dec-27-2017,1060.20
Dec-27-2017,1060.20,Dec-28-2017,1055.95
Dec-28-2017,1055.95,Dec-29-2017,1053.40
Dec-29-2017,1053.40,Jan-02-2018,1073.21
Jan-02-2018,1073.21,Jan-03-2018,1091.52
Jan-03-2018,1091.52,Jan-04-2018,1095.76
Jan-04-2018,1095.76,Jan-05-2018,1110.29
Jan-05-2018,1110.29,Jan-08-2018,1114.21
Jan-08-2018,1114.21,Jan-09-2018,1112.79
Jan-09-2018,1112.79,Jan-10-2018,1110.14
Jan-10-2018,1110.14,Jan-11-2018,1112.05
Jan-11-2018,1112.05,Jan-12-2018,1130.65
Jan-12-2018,1130.65,Jan-16-2018,1130.70
Jan-16-2018,1130.70,Jan-17-2018,1139.10
Jan-17-2018,1139.10,Jan-18-2018,1135.97
Jan-18-2018,1135.97,Jan-19-2018,1143.50
Jan-19-2018,1143.50,Jan-22-2018,1164.16
Jan-22-2018,1164.16,Jan-23-2018,1176.17
Jan-23-2018,1176.17,Jan-24-2018,1171.29
Jan-24-2018,1171.29,Jan-25-2018,1182.14
Jan-25-2018,1182.14,Jan-26-2018,1187.56
Jan-26-2018,1187.56,Jan-29-2018,1186.48
Jan-29-2018,1186.48,Jan-30-2018,1177.37
Jan-30-2018,1177.37,Jan-31-2018,1182.22
Jan-31-2018,1182.22,Feb-01-2018,1181.59
Feb-01-2018,1181.59,Feb-02-2018,1119.20
Feb-02-2018,1119.20,Feb-05-2018,1062.39
Feb-05-2018,1062.39,Feb-06-2018,1084.43
Feb-06-2018,1084.43,Feb-07-2018,1055.41
Feb-07-2018,1055.41,Feb-08-2018,1007.71
Feb-08-2018,1007.71,Feb-09-2018,1046.27
Feb-09-2018,1046.27,Feb-12-2018,1054.56
Feb-12-2018,1054.56,Feb-13-2018,1054.14
Feb-13-2018,1054.14,Feb-14-2018,1072.70
Feb-14-2018,1072.70,Feb-15-2018,1091.36
Feb-15-2018,1091.36,Feb-16-2018,1095.50
Feb-16-2018,1095.50,Feb-20-2018,1103.59
Feb-20-2018,1103.59,Feb-21-2018,1113.75
Feb-21-2018,1113.75,Feb-22-2018,1109.90
Feb-22-2018,1109.90,Feb-23-2018,1128.09
Feb-23-2018,1128.09,Feb-26-2018,1143.70
Feb-26-2018,1143.70,Feb-27-2018,1117.51
Feb-27-2018,1117.51,Feb-28-2018,1103.92
Feb-28-2018,1103.92,Mar-01-2018,1071.41
Mar-01-2018,1071.41,Mar-02-2018,1084.14
Mar-02-2018,1084.14,Mar-05-2018,1094.76
Mar-05-2018,1094.76,Mar-06-2018,1100.90
Mar-06-2018,1100.90,Mar-07-2018,1115.04
Mar-07-2018,1115.04,Mar-08-2018,1129.38
Mar-08-2018,1129.38,Mar-09-2018,1160.84
Mar-09-2018,1160.84,Mar-12-2018,1165.93
Mar-12-2018,1165.93,Mar-13-2018,1139.91
Mar-13-2018,1139.91,Mar-14-2018,1148.89
Mar-14-2018,1148.89,Mar-15-2018,1150.61
Mar-15-2018,1150.61,Mar-16-2018,1134.42
Mar-16-2018,1134.42,Mar-19-2018,1100.07
Mar-19-2018,1100.07,Mar-20-2018,1095.80
Mar-20-2018,1095.80,Mar-21-2018,1094.00
Mar-21-2018,1094.00,Mar-22-2018,1053.15
Mar-22-2018,1053.15,Mar-23-2018,1026.55
Mar-23-2018,1026.55,Mar-26-2018,1054.09
Mar-26-2018,1054.09,Mar-27-2018,1006.94
Mar-27-2018,1006.94,Mar-28-2018,1005.18
Mar-28-2018,1005.18,Mar-29-2018,1037.14
Mar-29-2018,1037.14,Apr-02-2018,1012.63
Apr-02-2018,1012.63,Apr-03-2018,1018.68
Apr-03-2018,1018.68,Apr-04-2018,1029.71
Apr-04-2018,1029.71,Apr-05-2018,1032.64
Apr-05-2018,1032.64,Apr-06-2018,1009.95
Apr-06-2018,1009.95,Apr-09-2018,1020.09
Apr-09-2018,1020.09,Apr-10-2018,1036.50
Apr-10-2018,1036.50,Apr-11-2018,1025.06
Apr-11-2018,1025.06,Apr-12-2018,1037.29
Apr-12-2018,1037.29,Apr-13-2018,1036.04
Apr-13-2018,1036.04,Apr-16-2018,1046.10
Apr-16-2018,1046.10,Apr-17-2018,1079.36
Apr-17-2018,1079.36,Apr-18-2018,1075.39
Apr-18-2018,1075.39,Apr-19-2018,1089.45
Apr-19-2018,1089.45,Apr-20-2018,1077.32
Apr-20-2018,1077.32,Apr-23-2018,1073.81
Apr-23-2018,1073.81,Apr-24-2018,1022.64
Apr-24-2018,1022.64,Apr-25-2018,1022.99
Apr-25-2018,1022.99,Apr-26-2018,1043.31
Apr-26-2018,1043.31,Apr-27-2018,1031.45
Apr-27-2018,1031.45,Apr-30-2018,1018.58
Apr-30-2018,1018.58,May-01-2018,1040.75
May-01-2018,1040.75,May-02-2018,1026.05
May-02-2018,1026.05,May-03-2018,1026.30
May-03-2018,1026.30,May-04-2018,1051.00
May-04-2018,1051.00,May-07-2018,1059.46
May-07-2018,1059.46,May-08-2018,1058.59
May-08-2018,1058.59,May-09-2018,1088.95
May-09-2018,1088.95,May-10-2018,1105.47
May-10-2018,1105.47,May-11-2018,1103.38
May-11-2018,1103.38,May-14-2018,1106.60
May-14-2018,1106.60,May-15-2018,1084.87
May-15-2018,1084.87,May-16-2018,1084.09
May-16-2018,1084.09,May-17-2018,1081.26
May-17-2018,1081.26,May-18-2018,1069.64
May-18-2018,1069.64,May-21-2018,1084.01
May-21-2018,1084.01,May-22-2018,1075.31
May-22-2018,1075.31,May-23-2018,1085.96
May-23-2018,1085.96,May-24-2018,1085.45
May-24-2018,1085.45,May-25-2018,1084.08
May-25-2018,1084.08,May-29-2018,1068.07
May-29-2018,1068.07,May-30-2018,1077.47
May-30-2018,1077.47,May-31-2018,1100.00
May-31-2018,1100.00,Jun-01-2018,1135.00
Jun-01-2018,1135.00,Jun-04-2018,1153.04
Jun-04-2018,1153.04,Jun-05-2018,1151.02
Jun-05-2018,1151.02,Jun-06-2018,1146.95
Jun-06-2018,1146.95,Jun-07-2018,1134.42
Jun-07-2018,1134.42,Jun-08-2018,1132.71
Jun-08-2018,1132.71,Jun-11-2018,1140.90
Jun-11-2018,1140.90,Jun-12-2018,1148.19
Jun-12-2018,1148.19,Jun-13-2018,1144.23
Jun-13-2018,1144.23,Jun-14-2018,1160.11
Jun-14-2018,1160.11,Jun-15-2018,1159.27
Jun-15-2018,1159.27,Jun-18-2018,1183.58
Jun-18-2018,1183.58,Jun-19-2018,1178.69
Jun-19-2018,1178.69,Jun-20-2018,1184.07
Jun-20-2018,1184.07,Jun-21-2018,1169.44
Jun-21-2018,1169.44,Jun-22-2018,1169.29
Jun-22-2018,1169.29,Jun-25-2018,1139.28
Jun-25-2018,1139.28,Jun-26-2018,1132.62
Jun-26-2018,1132.62,Jun-27-2018,1116.94
Jun-27-2018,1116.94,Jun-28-2018,1126.78
Jun-28-2018,1126.78,Jun-29-2018,1129.19
Jun-29-2018,1129.19,Jul-02-2018,1142.11
Jul-02-2018,1142.11,Jul-03-2018,1116.28
Jul-03-2018,1116.28,Jul-05-2018,1141.29
Jul-05-2018,1141.29,Jul-06-2018,1155.08
Jul-06-2018,1155.08,Jul-09-2018,1167.28
Jul-09-2018,1167.28,Jul-10-2018,1167.14
Jul-10-2018,1167.14,Jul-11-2018,1171.46
Jul-11-2018,1171.46,Jul-12-2018,1201.26
Jul-12-2018,1201.26,Jul-13-2018,1204.42
Jul-13-2018,1204.42,Jul-16-2018,1196.51
Jul-16-2018,1196.51,Jul-17-2018,1213.08
Jul-17-2018,1213.08,Jul-18-2018,1212.91
Jul-18-2018,1212.91,Jul-19-2018,1199.10
Jul-19-2018,1199.10,Jul-20-2018,1197.88
Jul-20-2018,1197.88,Jul-23-2018,1211.00
Jul-23-2018,1211.00,Jul-24-2018,1258.15
Jul-24-2018,1258.15,Jul-25-2018,1275.94
Jul-25-2018,1275.94,Jul-26-2018,1285.50
Jul-26-2018,1285.50,Jul-27-2018,1252.89
Jul-27-2018,1252.89,Jul-30-2018,1230.04
Jul-30-2018,1230.04,Jul-31-2018,1227.22
Jul-31-2018,1227.22,Aug-01-2018,1232.99
Aug-01-2018,1232.99,Aug-02-2018,1241.13
Aug-02-2018,1241.13,Aug-03-2018,1238.16
Aug-03-2018,1238.16,Aug-06-2018,1237.67
Aug-06-2018,1237.67,Aug-07-2018,1255.84
Aug-07-2018,1255.84,Aug-08-2018,1261.33
Aug-08-2018,1261.33,Aug-09-2018,1264.46
Aug-09-2018,1264.46,Aug-10-2018,1252.51
Aug-10-2018,1252.51,Aug-13-2018,1248.64
Aug-13-2018,1248.64,Aug-14-2018,1258.14
Aug-14-2018,1258.14,Aug-15-2018,1232.22
Aug-15-2018,1232.22,Aug-16-2018,1224.06
Aug-16-2018,1224.06,Aug-17-2018,1215.85
Aug-17-2018,1215.85,Aug-20-2018,1221.95
Aug-20-2018,1221.95,Aug-21-2018,1217.41
Aug-21-2018,1217.41,Aug-22-2018,1221.75
Aug-22-2018,1221.75,Aug-23-2018,1221.16
Aug-23-2018,1221.16,Aug-24-2018,1236.75
Aug-24-2018,1236.75,Aug-27-2018,1256.27
Aug-27-2018,1256.27,Aug-28-2018,1245.86
Aug-28-2018,1245.86,Aug-29-2018,1264.65
Aug-29-2018,1264.65,Aug-30-2018,1254.44
Aug-30-2018,1254.44,Aug-31-2018,1231.80
Aug-31-2018,1231.80,Sep-04-2018,1211.31
Sep-04-2018,1211.31,Sep-05-2018,1199.10
Sep-05-2018,1199.10,Sep-06-2018,1183.99
Sep-06-2018,1183.99,Sep-07-2018,1177.59
Sep-07-2018,1177.59,Sep-10-2018,1175.06
Sep-10-2018,1175.06,Sep-11-2018,1189.99
Sep-11-2018,1189.99,Sep-12-2018,1171.60
Sep-12-2018,1171.60,Sep-13-2018,1182.14
Sep-13-2018,1182.14,Sep-14-2018,1177.98
Sep-14-2018,1177.98,Sep-17-2018,1159.83
Sep-17-2018,1159.83,Sep-18-2018,1167.11
Sep-18-2018,1167.11,Sep-19-2018,1174.27
Sep-19-2018,1174.27,Sep-20-2018,1191.57
Sep-20-2018,1191.57,Sep-21-2018,1172.12
Sep-21-2018,1172.12,Sep-24-2018,1179.56
Sep-24-2018,1179.56,Sep-25-2018,1193.89
Sep-25-2018,1193.89,Sep-26-2018,1194.06
Sep-26-2018,1194.06,Sep-27-2018,1207.36
Sep-27-2018,1207.36,Sep-28-2018,1207.08
Sep-28-2018,1207.08,Oct-01-2018,1208.53
Oct-01-2018,1208.53,Oct-02-2018,1207.64
Oct-02-2018,1207.64,Oct-03-2018,1211.53
Oct-03-2018,1211.53,Oct-04-2018,1177.07
Oct-04-2018,1177.07,Oct-05-2018,1167.83
Oct-05-2018,1167.83,Oct-08-2018,1155.92
Oct-08-2018,1155.92,Oct-09-2018,1145.17
Oct-09-2018,1145.17,Oct-10-2018,1092.16
Oct-10-2018,1092.16,Oct-11-2018,1090.74
Oct-11-2018,1090.74,Oct-12-2018,1120.54
Oct-12-2018,1120.54,Oct-15-2018,1102.44
Oct-15-2018,1102.44,Oct-16-2018,1133.08
Oct-16-2018,1133.08,Oct-17-2018,1127.59
Oct-17-2018,1127.59,Oct-18-2018,1097.91
Oct-18-2018,1097.91,Oct-19-2018,1105.18
Oct-19-2018,1105.18,Oct-22-2018,1111.37
Oct-22-2018,1111.37,Oct-23-2018,1114.91
Oct-23-2018,1114.91,Oct-24-2018,1057.12
Oct-24-2018,1057.12,Oct-25-2018,1103.59
Oct-25-2018,1103.59,Oct-26-2018,1083.75
Oct-26-2018,1083.75,Oct-29-2018,1034.73
Oct-29-2018,1034.73,Oct-30-2018,1049.51
Oct-30-2018,1049.51,Oct-31-2018,1090.58
Oct-31-2018,1090.58,Nov-01-2018,1085.98
Nov-01-2018,1085.98,Nov-02-2018,1071.49
Nov-02-2018,1071.49,Nov-05-2018,1055.73
Nov-05-2018,1055.73,Nov-06-2018,1069.57
Nov-06-2018,1069.57,Nov-07-2018,1108.24
Nov-07-2018,1108.24,Nov-08-2018,1094.63
Nov-08-2018,1094.63,Nov-09-2018,1077.02
Nov-09-2018,1077.02,Nov-12-2018,1049.36
Nov-12-2018,1049.36,Nov-13-2018,1047.97
Nov-13-2018,1047.97,Nov-14-2018,1054.58
Nov-14-2018,1054.58,Nov-15-2018,1071.05
Nov-15-2018,1071.05,Nov-16-2018,1068.27
Nov-16-2018,1068.27,Nov-19-2018,1027.42
Nov-19-2018,1027.42,Nov-20-2018,1030.45
Nov-20-2018,1030.45,Nov-21-2018,1043.43
Nov-21-2018,1043.43,Nov-23-2018,1030.10
Nov-23-2018,1030.10,Nov-26-2018,1055.94
Nov-26-2018,1055.94,Nov-27-2018,1052.28
Nov-27-2018,1052.28,Nov-28-2018,1091.79
Nov-28-2018,1091.79,Nov-29-2018,1094.58
Nov-29-2018,1094.58,Nov-30-2018,1109.65
Nov-30-2018,1109.65,Dec-03-2018,1116.36
Dec-03-2018,1116.36,Dec-04-2018,1062.47
Dec-04-2018,1062.47,Dec-06-2018,1078.08
Dec-06-2018,1078.08,Dec-07-2018,1046.58
Dec-07-2018,1046.58,Dec-10-2018,1053.18
Dec-10-2018,1053.18,Dec-11-2018,1061.65
Dec-11-2018,1061.65,Dec-12-2018,1073.73
Dec-12-2018,1073.73,Dec-13-2018,1073.54
Dec-13-2018,1073.54,Dec-14-2018,1051.71
Dec-14-2018,1051.71,Dec-17-2018,1025.65
Dec-17-2018,1025.65,Dec-18-2018,1043.41
Dec-18-2018,1043.41,Dec-19-2018,1035.46
Dec-19-2018,1035.46,Dec-20-2018,1023.58
Dec-20-2018,1023.58,Dec-21-2018,991.25
Dec-21-2018,991.25,Dec-24-2018,984.67
Dec-24-2018,984.67,Dec-26-2018,1047.85
Dec-26-2018,1047.85,Dec-27-2018,1052.90
Dec-27-2018,1052.90,Dec-28-2018,1046.68
Dec-28-2018,1046.68,Dec-31-2018,1044.96
Dec-31-2018,1044.96,Jan-01-2019,1044.96
Jan-01-2019,1044.96,Jan-02-2019,1054.68
Jan-02-2019,1054.68,Jan-03-2019,1025.47
Jan-03-2019,1025.47,Jan-04-2019,1078.07
Jan-04-2019,1078.07,Jan-07-2019,1075.92
Jan-07-2019,1075.92,Jan-08-2019,1085.37
Jan-08-2019,1085.37,Jan-09-2019,1081.65
Jan-09-2019,1081.65,Jan-10-2019,1078.83
Jan-10-2019,1078.83,Jan-11-2019,1064.47
Jan-11-2019,1064.47,Jan-14-2019,1051.51
Jan-14-2019,1051.51,Jan-15-2019,1086.51
Jan-15-2019,1086.51,Jan-16-2019,1089.51
Jan-16-2019,1089.51,Jan-17-2019,1099.12
Jan-17-2019,1099.12,Jan-18-2019,1107.30
Jan-18-2019,1107.30,Jan-21-2019,1107.30
Jan-21-2019,1107.30,Jan-22-2019,1078.63
Jan-22-2019,1078.63,Jan-23-2019,1084.41
Jan-23-2019,1084.41,Jan-24-2019,1084.00
Jan-24-2019,1084.00,Jan-25-2019,1101.51
Jan-25-2019,1101.51,Jan-28-2019,1079.86
Jan-28-2019,1079.86,Jan-29-2019,1070.06
Jan-29-2019,1070.06,Jan-30-2019,1097.99
Jan-30-2019,1097.99,Jan-31-2019,1125.89
Jan-31-2019,1125.89,Feb-01-2019,1118.62
Feb-01-2019,1118.62,Feb-04-2019,1141.42
Feb-04-2019,1141.42,Feb-05-2019,1151.87
Feb-05-2019,1151.87,Feb-06-2019,1122.89
Feb-06-2019,1122.89,Feb-07-2019,1105.91
Feb-07-2019,1105.91,Feb-08-2019,1102.38
Feb-08-2019,1102.38,Feb-11-2019,1102.12
Feb-11-2019,1102.12,Feb-12-2019,1127.58
Feb-12-2019,1127.58,Feb-13-2019,1128.63
Feb-13-2019,1128.63,Feb-14-2019,1129.20
Feb-14-2019,1129.20,Feb-15-2019,1119.63
Feb-15-2019,1119.63,Feb-18-2019,1119.63
Feb-18-2019,1119.63,Feb-19-2019,1126.51
Feb-19-2019,1126.51,Feb-20-2019,1120.59
Feb-20-2019,1120.59,Feb-21-2019,1104.21
Feb-21-2019,1104.21,Feb-22-2019,1116.56
Feb-22-2019,1116.56,Feb-25-2019,1117.33
Feb-25-2019,1117.33,Feb-26-2019,1122.01
Feb-26-2019,1122.01,Feb-27-2019,1122.89
Feb-27-2019,1122.89,Feb-28-2019,1126.55
Feb-28-2019,1126.55,Mar-01-2019,1148.52
Mar-01-2019,1148.52,Mar-04-2019,1153.42
Mar-04-2019,1153.42,Mar-05-2019,1169.19
Mar-05-2019,1169.19,Mar-06-2019,1164.94
Mar-06-2019,1164.94,Mar-07-2019,1150.85
Mar-07-2019,1150.85,Mar-08-2019,1149.97
Mar-08-2019,1149.97,Mar-11-2019,1179.26
Mar-11-2019,1179.26,Mar-12-2019,1197.25
Mar-12-2019,1197.25,Mar-13-2019,1199.06
Mar-13-2019,1199.06,Mar-14-2019,1192.53
Mar-14-2019,1192.53,Mar-15-2019,1190.30
Mar-15-2019,1190.30,Mar-18-2019,1188.55
Mar-18-2019,1188.55,Mar-19-2019,1202.46
Mar-19-2019,1202.46,Mar-20-2019,1226.43
Mar-20-2019,1226.43,Mar-21-2019,1236.13
Mar-21-2019,1236.13,Mar-22-2019,1207.65
Mar-22-2019,1207.65,Mar-25-2019,1197.38
Mar-25-2019,1197.38,Mar-26-2019,1189.84
Mar-26-2019,1189.84,Mar-27-2019,1178.01
Mar-27-2019,1178.01,Mar-28-2019,1172.27
Mar-28-2019,1172.27,Mar-29-2019,1176.89
Mar-29-2019,1176.89,Apr-01-2019,1198.98
Apr-01-2019,1198.98,Apr-02-2019,1205.54
Apr-02-2019,1205.54,Apr-03-2019,1210.81
Apr-03-2019,1210.81,Apr-04-2019,1219.45
Apr-04-2019,1219.45,Apr-05-2019,1211.45
Apr-05-2019,1211.45,Apr-08-2019,1208.28
Apr-08-2019,1208.28,Apr-09-2019,1202.69
Apr-09-2019,1202.69,Apr-10-2019,1206.45
Apr-10-2019,1206.45,Apr-11-2019,1209.59
Apr-11-2019,1209.59,Apr-12-2019,1222.73
Apr-12-2019,1222.73,Apr-15-2019,1226.53
Apr-15-2019,1226.53,Apr-16-2019,1231.91
Apr-16-2019,1231.91,Apr-17-2019,1240.14
Apr-17-2019,1240.14,Apr-18-2019,1241.47
Apr-18-2019,1241.47,Apr-19-2019,1241.47
Apr-19-2019,1241.47,Apr-22-2019,1253.76
Apr-22-2019,1253.76,Apr-23-2019,1270.59
Apr-23-2019,1270.59,Apr-24-2019,1260.05
Apr-24-2019,1260.05,Apr-25-2019,1267.34
Apr-25-2019,1267.34,Apr-26-2019,1277.42
Apr-26-2019,1277.42,Apr-29-2019,1296.20
Apr-29-2019,1296.20,Apr-30-2019,1198.96
Apr-30-2019,1198.96,May-01-2019,1173.32
May-01-2019,1173.32,May-02-2019,1166.51
May-02-2019,1166.51,May-03-2019,1189.55
May-03-2019,1189.55,May-06-2019,1193.46
May-06-2019,1193.46,May-07-2019,1178.86
May-07-2019,1178.86,May-08-2019,1170.78
May-08-2019,1170.78,May-09-2019,1167.97
May-09-2019,1167.97,May-10-2019,1167.64
May-10-2019,1167.64,May-13-2019,1136.59
May-13-2019,1136.59,May-14-2019,1124.86
May-14-2019,1124.86,May-15-2019,1170.80
May-15-2019,1170.80,May-16-2019,1184.50
May-16-2019,1184.50,May-17-2019,1168.78
May-17-2019,1168.78,May-20-2019,1144.66
May-20-2019,1144.66,May-21-2019,1154.44
May-21-2019,1154.44,May-22-2019,1155.85
May-22-2019,1155.85,May-23-2019,1145.34
May-23-2019,1145.34,May-24-2019,1138.61
May-24-2019,1138.61,May-27-2019,1138.61
May-27-2019,1138.61,May-28-2019,1139.56
May-28-2019,1139.56,May-29-2019,1119.94
May-29-2019,1119.94,May-30-2019,1121.41
May-30-2019,1121.41,May-31-2019,1106.50
May-31-2019,1106.50,Jun-03-2019,1038.74
Jun-03-2019,1038.74,Jun-04-2019,1054.49
Jun-04-2019,1054.49,Jun-05-2019,1044.64
Jun-05-2019,1044.64,Jun-06-2019,1047.76
Jun-06-2019,1047.76,Jun-07-2019,1068.37
Jun-07-2019,1068.37,Jun-10-2019,1082.76
Jun-10-2019,1082.76,Jun-11-2019,1081.04
Jun-11-2019,1081.04,Jun-12-2019,1079.10
Jun-12-2019,1079.10,Jun-13-2019,1091.01
Jun-13-2019,1091.01,Jun-14-2019,1086.30
Jun-14-2019,1086.30,Jun-17-2019,1093.89
Jun-17-2019,1093.89,Jun-18-2019,1105.24
Jun-18-2019,1105.24,Jun-19-2019,1104.51
Jun-19-2019,1104.51,Jun-20-2019,1113.20
Jun-20-2019,1113.20,Jun-21-2019,1125.37
Jun-21-2019,1125.37,Jun-24-2019,1116.70
Jun-24-2019,1116.70,Jun-25-2019,1087.58
Jun-25-2019,1087.58,Jun-26-2019,1080.32
Jun-26-2019,1080.32,Jun-27-2019,1076.63
Jun-27-2019,1076.63,Jun-28-2019,1082.80
Jun-28-2019,1082.80,Jul-01-2019,1100.00
Jul-01-2019,1100.00,Jul-02-2019,1112.60
Jul-02-2019,1112.60,Jul-03-2019,1122.99
Jul-03-2019,1122.99,Jul-04-2019,1122.99
Jul-04-2019,1122.99,Jul-05-2019,1132.67
Jul-05-2019,1132.67,Jul-08-2019,1116.79
Jul-08-2019,1116.79,Jul-09-2019,1124.29
Jul-09-2019,1124.29,Jul-10-2019,1140.91
Jul-10-2019,1140.91,Jul-11-2019,1144.08
Jul-11-2019,1144.08,Jul-12-2019,1145.34
Jul-12-2019,1145.34,Jul-15-2019,1150.51
Jul-15-2019,1150.51,Jul-16-2019,1153.46
Jul-16-2019,1153.46,Jul-17-2019,1146.74
Jul-17-2019,1146.74,Jul-18-2019,1147.24
Jul-18-2019,1147.24,Jul-19-2019,1131.55
Jul-19-2019,1131.55,Jul-22-2019,1139.21
Jul-22-2019,1139.21,Jul-23-2019,1148.05
Jul-23-2019,1148.05,Jul-24-2019,1139.73
Jul-24-2019,1139.73,Jul-25-2019,1135.94
Jul-25-2019,1135.94,Jul-26-2019,1245.22
Jul-26-2019,1245.22,Jul-29-2019,1241.84
Jul-29-2019,1241.84,Jul-30-2019,1228.00
Jul-30-2019,1228.00,Jul-31-2019,1218.20
Jul-31-2019,1218.20,Aug-01-2019,1211.78
Aug-01-2019,1211.78,Aug-02-2019,1196.32
Aug-02-2019,1196.32,Aug-05-2019,1154.75
Aug-05-2019,1154.75,Aug-06-2019,1171.08
Aug-06-2019,1171.08,Aug-07-2019,1175.91
Aug-07-2019,1175.91,Aug-08-2019,1206.19
Aug-08-2019,1206.19,Aug-09-2019,1188.90
Aug-09-2019,1188.90,Aug-12-2019,1174.50
Aug-12-2019,1174.50,Aug-13-2019,1196.73
Aug-13-2019,1196.73,Aug-14-2019,1164.25
Aug-14-2019,1164.25,Aug-15-2019,1169.32
Aug-15-2019,1169.32,Aug-16-2019,1179.21
Aug-16-2019,1179.21,Aug-19-2019,1200.44
Aug-19-2019,1200.44,Aug-20-2019,1183.53
Aug-20-2019,1183.53,Aug-21-2019,1191.58
Aug-21-2019,1191.58,Aug-22-2019,1191.52
Aug-22-2019,1191.52,Aug-23-2019,1153.58
Aug-23-2019,1153.58,Aug-26-2019,1171.18
Aug-26-2019,1171.18,Aug-27-2019,1170.82
Aug-27-2019,1170.82,Aug-28-2019,1173.75
Aug-28-2019,1173.75,Aug-29-2019,1194.24
Aug-29-2019,1194.24,Aug-30-2019,1190.53
Aug-30-2019,1190.53,Sep-02-2019,1190.53
Sep-02-2019,1190.53,Sep-03-2019,1169.55
Sep-03-2019,1169.55,Sep-04-2019,1182.27
Sep-04-2019,1182.27,Sep-05-2019,1212.19
Sep-05-2019,1212.19,Sep-06-2019,1206.32
Sep-06-2019,1206.32,Sep-09-2019,1205.27
Sep-09-2019,1205.27,Sep-10-2019,1205.70
Sep-10-2019,1205.70,Sep-11-2019,1220.00
Sep-11-2019,1220.00,Sep-12-2019,1234.97
Sep-12-2019,1234.97,Sep-13-2019,1240.03
Sep-13-2019,1240.03,Sep-16-2019,1231.63
Sep-16-2019,1231.63,Sep-17-2019,1229.88
Sep-17-2019,1229.88,Sep-18-2019,1232.65
Sep-18-2019,1232.65,Sep-19-2019,1238.75
Sep-19-2019,1238.75,Sep-20-2019,1229.84
Sep-20-2019,1229.84,Sep-23-2019,1234.69
Sep-23-2019,1234.69,Sep-24-2019,1218.33
Sep-24-2019,1218.33,Sep-25-2019,1245.94
Sep-25-2019,1245.94,Sep-26-2019,1242.29
Sep-26-2019,1242.29,Sep-27-2019,1225.95
Sep-27-2019,1225.95,Sep-30-2019,1221.14
Sep-30-2019,1221.14,Oct-01-2019,1206.00
Oct-01-2019,1206.00,Oct-02-2019,1177.92
Oct-02-2019,1177.92,Oct-03-2019,1189.43
Oct-03-2019,1189.43,Oct-04-2019,1210.96
Oct-04-2019,1210.96,Oct-07-2019,1208.25
Oct-07-2019,1208.25,Oct-08-2019,1190.13
Oct-08-2019,1190.13,Oct-09-2019,1202.40
Oct-09-2019,1202.40,Oct-10-2019,1209.47
Oct-10-2019,1209.47,Oct-11-2019,1215.71
Oct-11-2019,1215.71,Oct-14-2019,1217.77
Oct-14-2019,1217.77,Oct-15-2019,1242.24
Oct-15-2019,1242.24,Oct-16-2019,1243.00
Oct-16-2019,1243.00,Oct-17-2019,1252.80
Oct-17-2019,1252.80,Oct-18-2019,1244.41
Oct-18-2019,1244.41,Oct-21-2019,1244.28
Oct-21-2019,1244.28,Oct-22-2019,1241.20
Oct-22-2019,1241.20,Oct-23-2019,1257.63
Oct-23-2019,1257.63,Oct-24-2019,1259.11
Oct-24-2019,1259.11,Oct-25-2019,1264.30
Oct-25-2019,1264.30,Oct-28-2019,1288.98
Oct-28-2019,1288.98,Oct-29-2019,1260.66
Oct-29-2019,1260.66,Oct-30-2019,1260.70
Oct-30-2019,1260.70,Oct-31-2019,1258.80
Oct-31-2019,1258.80,Nov-01-2019,1272.25
Nov-01-2019,1272.25,Nov-04-2019,1289.61
Nov-04-2019,1289.61,Nov-05-2019,1291.44
Nov-05-2019,1291.44,Nov-06-2019,1291.01
Nov-06-2019,1291.01,Nov-07-2019,1306.94
Nov-07-2019,1306.94,Nov-08-2019,1309.00
Nov-08-2019,1309.00,Nov-11-2019,1298.28
Nov-11-2019,1298.28,Nov-12-2019,1297.21
Nov-12-2019,1297.21,Nov-13-2019,1296.18
Nov-13-2019,1296.18,Nov-14-2019,1309.15
Nov-14-2019,1309.15,Nov-15-2019,1333.54
Nov-15-2019,1333.54,Nov-18-2019,1319.84
Nov-18-2019,1319.84,Nov-19-2019,1312.59
Nov-19-2019,1312.59,Nov-20-2019,1301.86
Nov-20-2019,1301.86,Nov-21-2019,1300.14
Nov-21-2019,1300.14,Nov-22-2019,1293.67
Nov-22-2019,1293.67,Nov-25-2019,1305.64
Nov-25-2019,1305.64,Nov-26-2019,1313.00
Nov-26-2019,1313.00,Nov-27-2019,1312.13
Nov-27-2019,1312.13,Nov-28-2019,1312.13
Nov-28-2019,1312.13,Nov-29-2019,1304.09
Nov-29-2019,1304.09,Dec-02-2019,1288.86
Dec-02-2019,1288.86,Dec-03-2019,1294.74
Dec-03-2019,1294.74,Dec-04-2019,1318.94
Dec-04-2019,1318.94,Dec-05-2019,1326.96
Dec-05-2019,1326.96,Dec-06-2019,1339.39
Dec-06-2019,1339.39,Dec-09-2019,1342.99
Dec-09-2019,1342.99,Dec-10-2019,1342.89
Dec-10-2019,1342.89,Dec-11-2019,1344.25
Dec-11-2019,1344.25,Dec-12-2019,1348.49
Dec-12-2019,1348.49,Dec-13-2019,1346.87
Dec-13-2019,1346.87,Dec-16-2019,1360.70
Dec-16-2019,1360.70,Dec-17-2019,1354.89
Dec-17-2019,1354.89,Dec-18-2019,1351.91
Dec-18-2019,1351.91,Dec-19-2019,1356.44
Dec-19-2019,1356.44,Dec-20-2019,1351.22
Dec-20-2019,1351.22,Dec-23-2019,1350.63
Dec-23-2019,1350.63,Dec-24-2019,1344.43
Dec-24-2019,1344.43,Dec-25-2019,1344.43
Dec-25-2019,1344.43,Dec-26-2019,1362.47
Dec-26-2019,1362.47,Dec-27-2019,1354.64
Dec-27-2019,1354.64,Dec-30-2019,1339.71
Dec-30-2019,1339.71,Dec-31-2019,1339.39
Dec-31-2019,1339.39,Jan-02-2020,1368.68
Jan-02-2020,1368.68,Jan-03-2020,1361.52
Jan-03-2020,1361.52,Jan-06-2020,1397.81
Jan-06-2020,1397.81,Jan-07-2020,1395.11
Jan-07-2020,1395.11,Jan-08-2020,1405.04
Jan-08-2020,1405.04,Jan-09-2020,1419.79
Jan-09-2020,1419.79,Jan-10-2020,1428.96
Jan-10-2020,1428.96,Jan-13-2020,1440.03
Jan-13-2020,1440.03,Jan-14-2020,1430.59
Jan-14-2020,1430.59,Jan-15-2020,1439.20
Jan-15-2020,1439.20,Jan-16-2020,1450.16
Jan-16-2020,1450.16,Jan-17-2020,1479.52
Jan-17-2020,1479.52,Jan-21-2020,1482.25
Jan-21-2020,1482.25,Jan-22-2020,1484.17
Jan-22-2020,1484.17,Jan-23-2020,1484.69
Jan-23-2020,1484.69,Jan-24-2020,1466.17
Jan-24-2020,1466.17,Jan-27-2020,1431.73
Jan-27-2020,1431.73,Jan-28-2020,1450.50
Jan-28-2020,1450.50,Jan-29-2020,1456.70
Jan-29-2020,1456.70,Jan-30-2020,1454.25
Jan-30-2020,1454.25,Jan-31-2020,1432.78
Jan-31-2020,1432.78,Feb-03-2020,1482.60
Feb-03-2020,1482.60,Feb-04-2020,1445.41
Feb-04-2020,1445.41,Feb-05-2020,1446.05
Feb-05-2020,1446.05,Feb-06-2020,1475.97
Feb-06-2020,1475.97,Feb-07-2020,1479.11
Feb-07-2020,1479.11,Feb-10-2020,1508.66
Feb-10-2020,1508.66,Feb-11-2020,1510.06
Feb-11-2020,1510.06,Feb-12-2020,1518.63
Feb-12-2020,1518.63,Feb-13-2020,1513.39
Feb-13-2020,1513.39,Feb-14-2020,1518.73
Feb-14-2020,1518.73,Feb-18-2020,1519.44
Feb-18-2020,1519.44,Feb-19-2020,1524.87
Feb-19-2020,1524.87,Feb-20-2020,1516.99
Feb-20-2020,1516.99,Feb-21-2020,1483.46
Feb-21-2020,1483.46,Feb-24-2020,1419.86
Feb-24-2020,1419.86,Feb-25-2020,1386.32
Feb-25-2020,1386.32,Feb-26-2020,1390.47
Feb-26-2020,1390.47,Feb-27-2020,1314.95
Feb-27-2020,1314.95,Feb-28-2020,1339.25
Feb-28-2020,1339.25,Mar-02-2020,1386.32
Mar-02-2020,1386.32,Mar-03-2020,1337.72
Mar-03-2020,1337.72,Mar-04-2020,1381.60
Mar-04-2020,1381.60,Mar-05-2020,1314.76
Mar-05-2020,1314.76,Mar-06-2020,1295.74
Mar-06-2020,1295.74,Mar-09-2020,1215.79
Mar-09-2020,1215.79,Mar-10-2020,1275.17
Mar-10-2020,1275.17,Mar-11-2020,1210.90
Mar-11-2020,1210.90,Mar-12-2020,1111.55
Mar-12-2020,1111.55,Mar-13-2020,1214.27
Mar-13-2020,1214.27,Mar-16-2020,1073.00
Mar-16-2020,1073.00,Mar-17-2020,1118.06
Mar-17-2020,1118.06,Mar-18-2020,1091.19
Mar-18-2020,1091.19,Mar-19-2020,1111.67
Mar-19-2020,1111.67,Mar-20-2020,1068.21
Mar-20-2020,1068.21,Mar-23-2020,1054.13
Mar-23-2020,1054.13,Mar-24-2020,1130.01
Mar-24-2020,1130.01,Mar-25-2020,1101.62
Mar-25-2020,1101.62,Mar-26-2020,1162.92
Mar-26-2020,1162.92,Mar-27-2020,1110.26
Mar-27-2020,1110.26,Mar-30-2020,1146.31
Mar-30-2020,1146.31,Mar-31-2020,1161.95
Mar-31-2020,1161.95,Apr-01-2020,1102.10
Apr-01-2020,1102.10,Apr-02-2020,1117.03
Apr-02-2020,1117.03,Apr-03-2020,1092.70
Apr-03-2020,1092.70,Apr-06-2020,1183.19
Apr-06-2020,1183.19,Apr-07-2020,1182.56
Apr-07-2020,1182.56,Apr-08-2020,1207.00
Apr-08-2020,1207.00,Apr-09-2020,1206.57
Apr-09-2020,1206.57,Apr-13-2020,1210.41
Apr-13-2020,1210.41,Apr-14-2020,1265.23
Apr-14-2020,1265.23,Apr-15-2020,1257.30
Apr-15-2020,1257.30,Apr-16-2020,1257.43
Apr-16-2020,1257.43,Apr-17-2020,1279.00
Apr-17-2020,1279.00,Apr-20-2020,1261.15
Apr-20-2020,1261.15,Apr-21-2020,1212.16
Apr-21-2020,1212.16,Apr-22-2020,1258.41
Apr-22-2020,1258.41,Apr-23-2020,1271.17
Apr-23-2020,1271.17,Apr-24-2020,1276.60
Apr-24-2020,1276.60,Apr-27-2020,1270.86
Apr-27-2020,1270.86,Apr-28-2020,1232.59
Apr-28-2020,1232.59,Apr-29-2020,1342.18
Apr-29-2020,1342.18,Apr-30-2020,1346.70
Apr-30-2020,1346.70,May-01-2020,1317.32
May-01-2020,1317.32,May-04-2020,1322.90
May-04-2020,1322.90,May-05-2020,1349.02
May-05-2020,1349.02,May-06-2020,1345.43
May-06-2020,1345.43,May-07-2020,1369.28
May-07-2020,1369.28,May-08-2020,1384.34
May-08-2020,1384.34,May-11-2020,1403.59
May-11-2020,1403.59,May-12-2020,1375.18
May-12-2020,1375.18,May-13-2020,1348.33
May-13-2020,1348.33,May-14-2020,1356.86
May-14-2020,1356.86,May-15-2020,1373.06
May-15-2020,1373.06,May-18-2020,1385.18
May-18-2020,1385.18,May-19-2020,1374.40
May-19-2020,1374.40,May-20-2020,1409.16
May-20-2020,1409.16,May-21-2020,1406.75
May-21-2020,1406.75,May-22-2020,1413.24
May-22-2020,1413.24,May-26-2020,1421.37
May-26-2020,1421.37,May-27-2020,1420.28
May-27-2020,1420.28,May-28-2020,1418.24
May-28-2020,1418.24,May-29-2020,1433.52
May-29-2020,1433.52,Jun-01-2020,1434.87
Jun-01-2020,1434.87,Jun-02-2020,1442.31
Jun-02-2020,1442.31,Jun-03-2020,1439.25
Jun-03-2020,1439.25,Jun-04-2020,1414.30
Jun-04-2020,1414.30,Jun-05-2020,1440.02
Jun-05-2020,1440.02,Jun-08-2020,1448.04
Jun-08-2020,1448.04,Jun-09-2020,1452.08
Jun-09-2020,1452.08,Jun-10-2020,1464.70
Jun-10-2020,1464.70,Jun-11-2020,1401.90
Jun-11-2020,1401.90,Jun-12-2020,1412.92
Jun-12-2020,1412.92,Jun-15-2020,1420.74
Jun-15-2020,1420.74,Jun-16-2020,1446.47
Jun-16-2020,1446.47,Jun-17-2020,1452.54
Jun-17-2020,1452.54,Jun-18-2020,1434.12
Jun-18-2020,1434.12,Jun-19-2020,1424.64
Jun-19-2020,1424.64,Jun-22-2020,1450.66
Jun-22-2020,1450.66,Jun-23-2020,1463.98
Jun-23-2020,1463.98,Jun-24-2020,1432.70
Jun-24-2020,1432.70,Jun-25-2020,1441.10
Jun-25-2020,1441.10,Jun-26-2020,1362.54
Jun-26-2020,1362.54,Jun-29-2020,1397.17
Jun-29-2020,1397.17,Jun-30-2020,1418.05
Jun-30-2020,1418.05,Jul-01-2020,1442.00
Jul-01-2020,1442.00,Jul-02-2020,1469.93
Jul-02-2020,1469.93,Jul-06-2020,1499.65
Jul-06-2020,1499.65,Jul-07-2020,1489.92
Jul-07-2020,1489.92,Jul-08-2020,1503.60
Jul-08-2020,1503.60,Jul-09-2020,1518.66
Jul-09-2020,1518.66,Jul-10-2020,1539.01
Jul-10-2020,1539.01,Jul-13-2020,1512.23
Jul-13-2020,1512.23,Jul-14-2020,1520.86
Jul-14-2020,1520.86,Jul-15-2020,1516.88
Jul-15-2020,1516.88,Jul-16-2020,1514.92
Jul-16-2020,1514.92,Jul-17-2020,1516.85
Jul-17-2020,1516.85,Jul-20-2020,1563.84
Jul-20-2020,1563.84,Jul-21-2020,1555.92
Jul-21-2020,1555.92,Jul-22-2020,1564.85
Jul-22-2020,1564.85,Jul-23-2020,1516.75
Jul-23-2020,1516.75,Jul-24-2020,1508.21
Jul-24-2020,1508.21,Jul-27-2020,1529.43
Jul-27-2020,1529.43,Jul-28-2020,1503.65
Jul-28-2020,1503.65,Jul-29-2020,1523.51
Jul-29-2020,1523.51,Jul-30-2020,1538.37
Jul-30-2020,1538.37,Jul-31-2020,1487.95
Jul-31-2020,1487.95,Aug-03-2020,1482.76
Aug-03-2020,1482.76,Aug-04-2020,1473.30
Aug-04-2020,1473.30,Aug-05-2020,1479.09
Aug-05-2020,1479.09,Aug-06-2020,1504.95
Aug-06-2020,1504.95,Aug-07-2020,1498.37
Aug-07-2020,1498.37,Aug-10-2020,1496.82
Aug-10-2020,1496.82,Aug-11-2020,1480.54
Aug-11-2020,1480.54,Aug-12-2020,1507.24
Aug-12-2020,1507.24,Aug-13-2020,1516.65
Aug-13-2020,1516.65,Aug-14-2020,1504.63
Aug-14-2020,1504.63,Aug-17-2020,1516.24
Aug-17-2020,1516.24,Aug-18-2020,1555.78
Aug-18-2020,1555.78,Aug-19-2020,1544.61
Aug-19-2020,1544.61,Aug-20-2020,1576.25
Aug-20-2020,1576.25,Aug-21-2020,1575.57
Aug-21-2020,1575.57,Aug-24-2020,1585.15
Aug-24-2020,1585.15,Aug-25-2020,1605.85
Aug-25-2020,1605.85,Aug-26-2020,1644.13
Aug-26-2020,1644.13,Aug-27-2020,1628.52
Aug-27-2020,1628.52,Aug-28-2020,1639.43
Aug-28-2020,1639.43,Aug-31-2020,1629.53
Aug-31-2020,1629.53,Sep-01-2020,1655.08
Sep-01-2020,1655.08,Sep-02-2020,1717.39
Sep-02-2020,1717.39,Sep-03-2020,1629.51
Sep-03-2020,1629.51,Sep-04-2020,1581.21
Sep-04-2020,1581.21,Sep-08-2020,1523.60
Sep-08-2020,1523.60,Sep-09-2020,1547.23
Sep-09-2020,1547.23,Sep-10-2020,1526.05
Sep-10-2020,1526.05,Sep-11-2020,1515.76
Sep-11-2020,1515.76,Sep-14-2020,1508.83
Sep-14-2020,1508.83,Sep-15-2020,1535.12
Sep-15-2020,1535.12,Sep-16-2020,1512.09
Sep-16-2020,1512.09,Sep-17-2020,1487.04
Sep-17-2020,1487.04,Sep-18-2020,1451.09
Sep-18-2020,1451.09,Sep-21-2020,1430.14
Sep-21-2020,1430.14,Sep-22-2020,1459.82
Sep-22-2020,1459.82,Sep-23-2020,1409.39
Sep-23-2020,1409.39,Sep-24-2020,1422.86
Sep-24-2020,1422.86,Sep-25-2020,1439.06
Sep-25-2020,1439.06,Sep-28-2020,1458.66
Sep-28-2020,1458.66,Sep-29-2020,1466.02
Sep-29-2020,1466.02,Sep-30-2020,1465.60
Sep-30-2020,1465.60,Oct-01-2020,1487.90
Oct-01-2020,1487.90,Oct-02-2020,1455.60
Oct-02-2020,1455.60,Oct-05-2020,1482.83
Oct-05-2020,1482.83,Oct-06-2020,1451.02
Oct-06-2020,1451.02,Oct-07-2020,1459.14
Oct-07-2020,1459.14,Oct-08-2020,1483.43
Oct-08-2020,1483.43,Oct-09-2020,1510.45
Oct-09-2020,1510.45,Oct-12-2020,1564.59
Oct-12-2020,1564.59,Oct-13-2020,1567.07
Oct-13-2020,1567.07,Oct-14-2020,1563.44
Oct-14-2020,1563.44,Oct-15-2020,1555.47
Oct-15-2020,1555.47,Oct-16-2020,1567.70
Oct-16-2020,1567.70,Oct-19-2020,1529.95
Oct-19-2020,1529.95,Oct-20-2020,1551.08
Oct-20-2020,1551.08,Oct-21-2020,1585.99
Oct-21-2020,1585.99,Oct-22-2020,1606.66
Oct-22-2020,1606.66,Oct-23-2020,1632.98
Oct-23-2020,1632.98,Oct-26-2020,1584.29
Oct-26-2020,1584.29,Oct-27-2020,1598.88
Oct-27-2020,1598.88,Oct-28-2020,1510.80
Oct-28-2020,1510.80,Oct-29-2020,1556.88
Oct-29-2020,1556.88,Oct-30-2020,1616.11
Oct-30-2020,1616.11,Nov-02-2020,1624.32
Nov-02-2020,1624.32,Nov-03-2020,1645.66
Nov-03-2020,1645.66,Nov-04-2020,1745.85
Nov-04-2020,1745.85,Nov-05-2020,1762.50
Nov-05-2020,1762.50,Nov-06-2020,1759.73
Nov-06-2020,1759.73,Nov-09-2020,1761.42
Nov-09-2020,1761.42,Nov-10-2020,1737.72
Nov-10-2020,1737.72,Nov-11-2020,1747.23
Nov-11-2020,1747.23,Nov-12-2020,1742.82
Nov-12-2020,1742.82,Nov-13-2020,1772.26
Nov-13-2020,1772.26,Nov-16-2020,1774.03
Nov-16-2020,1774.03,Nov-17-2020,1761.66
Nov-17-2020,1761.66,Nov-18-2020,1740.64
Nov-18-2020,1740.64,Nov-19-2020,1758.57
Nov-19-2020,1758.57,Nov-20-2020,1736.38
Nov-20-2020,1736.38,Nov-23-2020,1727.56
Nov-23-2020,1727.56,Nov-24-2020,1763.90
Nov-24-2020,1763.90,Nov-25-2020,1764.13
Nov-25-2020,1764.13,Nov-27-2020,1787.02
Nov-27-2020,1787.02,Nov-30-2020,1754.40
Nov-30-2020,1754.40,Dec-01-2020,1795.36
Dec-01-2020,1795.36,Dec-02-2020,1824.97
Dec-02-2020,1824.97,Dec-03-2020,1821.84
Dec-03-2020,1821.84,Dec-04-2020,1823.76
Dec-04-2020,1823.76,Dec-07-2020,1817.03
Dec-07-2020,1817.03,Dec-08-2020,1811.33
Dec-08-2020,1811.33,Dec-09-2020,1777.86
Dec-09-2020,1777.86,Dec-10-2020,1767.65
Dec-10-2020,1767.65,Dec-11-2020,1774.80
Dec-11-2020,1774.80,Dec-14-2020,1752.26
Dec-14-2020,1752.26,Dec-15-2020,1761.08
Dec-15-2020,1761.08,Dec-16-2020,1757.19
Dec-16-2020,1757.19,Dec-17-2020,1740.51
Dec-17-2020,1740.51,Dec-18-2020,1726.22
Dec-18-2020,1726.22,Dec-21-2020,1734.56
Dec-21-2020,1734.56,Dec-22-2020,1720.22
Dec-22-2020,1720.22,Dec-23-2020,1728.23
Dec-23-2020,1728.23,Dec-24-2020,1734.16
Dec-24-2020,1734.16,Dec-28-2020,1773.96
Dec-28-2020,1773.96,Dec-29-2020,1757.76
Dec-29-2020,1757.76,Dec-30-2020,1736.25
Dec-30-2020,1736.25,Dec-31-2020,1752.64
Dec-31-2020,1752.64,Jan-04-2021,1726.13
Jan-04-2021,1726.13,Jan-05-2021,1740.05
Jan-05-2021,1740.05,Jan-06-2021,1722.88
Jan-06-2021,1722.88,Jan-07-2021,1774.34
Jan-07-2021,1774.34,Jan-08-2021,1797.83
Jan-08-2021,1797.83,Jan-11-2021,1756.29
Jan-11-2021,1756.29,Jan-12-2021,1737.43
Jan-12-2021,1737.43,Jan-13-2021,1747.25
Jan-13-2021,1747.25,Jan-14-2021,1730.92
Jan-14-2021,1730.92,Jan-15-2021,1727.62
Jan-15-2021,1727.62,Jan-19-2021,1784.47
Jan-19-2021,1784.47,Jan-20-2021,1880.07
Jan-20-2021,1880.07,Jan-21-2021,1884.15
Jan-21-2021,1884.15,Jan-22-2021,1892.56
Jan-22-2021,1892.56,Jan-25-2021,1894.28
Jan-25-2021,1894.28,Jan-26-2021,1907.95
Jan-26-2021,1907.95,Jan-27-2021,1818.94
Jan-27-2021,1818.94,Jan-28-2021,1853.20
Jan-28-2021,1853.20,Jan-29-2021,1827.36
Jan-29-2021,1827.36,Feb-01-2021,1893.07
Feb-01-2021,1893.07,Feb-02-2021,1919.12
Feb-02-2021,1919.12,Feb-03-2021,2058.88
Feb-03-2021,2058.88,Feb-04-2021,2053.63
Feb-04-2021,2053.63,Feb-05-2021,2088.83
Feb-05-2021,2088.83,Feb-08-2021,2084.52
Feb-08-2021,2084.52,Feb-09-2021,2075.39
Feb-09-2021,2075.39,Feb-10-2021,2086.48
Feb-10-2021,2086.48,Feb-11-2021,2088.75
Feb-11-2021,2088.75,Feb-12-2021,2095.03
Feb-12-2021,2095.03,Feb-16-2021,2110.70
Feb-16-2021,2110.70,Feb-17-2021,2118.62
Feb-17-2021,2118.62,Feb-18-2021,2105.81
Feb-18-2021,2105.81,Feb-19-2021,2088.81
Feb-19-2021,2088.81,Feb-22-2021,2054.26
Feb-22-2021,2054.26,Feb-23-2021,2060.12
Feb-23-2021,2060.12,Feb-24-2021,2083.81
Feb-24-2021,2083.81,Feb-25-2021,2015.95
Feb-25-2021,2015.95,Feb-26-2021,2021.91
Feb-26-2021,2021.91,Mar-01-2021,2069.66
Mar-01-2021,2069.66,Mar-02-2021,2064.48
Mar-02-2021,2064.48,Mar-03-2021,2011.41
Mar-03-2021,2011.41,Mar-04-2021,2033.93
Mar-04-2021,2033.93,Mar-05-2021,2097.07
Mar-05-2021,2097.07,Mar-08-2021,2007.50
Mar-08-2021,2007.50,Mar-09-2021,2040.36
Mar-09-2021,2040.36,Mar-10-2021,2036.19
Mar-10-2021,2036.19,Mar-11-2021,2100.54
Mar-11-2021,2100.54,Mar-12-2021,2050.00
Mar-12-2021,2050.00,Mar-15-2021,2054.44
Mar-15-2021,2054.44,Mar-16-2021,2083.89
Mar-16-2021,2083.89,Mar-17-2021,2082.22
Mar-17-2021,2082.22,Mar-18-2021,2021.34
Mar-18-2021,2021.34,Mar-19-2021,2026.96
Mar-19-2021,2026.96,Mar-22-2021,2030.69
Mar-22-2021,2030.69,Mar-23-2021,2041.33
Mar-23-2021,2041.33,Mar-24-2021,2032.53
Mar-24-2021,2032.53,Mar-25-2021,2032.46
Mar-25-2021,2032.46,Mar-26-2021,2024.73
Mar-26-2021,2024.73,Mar-29-2021,2045.79
Mar-29-2021,2045.79,Mar-30-2021,2046.47
Mar-30-2021,2046.47,Mar-31-2021,2062.52
Mar-31-2021,2062.52,Apr-01-2021,2129.78
Apr-01-2021,2129.78,Apr-05-2021,2218.96
Apr-05-2021,2218.96,Apr-06-2021,2209.26
Apr-06-2021,2209.26,Apr-07-2021,2239.03
Apr-07-2021,2239.03,Apr-08-2021,2250.43
Apr-08-2021,2250.43,Apr-09-2021,2270.67
Apr-09-2021,2270.67,Apr-12-2021,2244.62
Apr-12-2021,2244.62,Apr-13-2021,2254.43
Apr-13-2021,2254.43,Apr-14-2021,2241.91
Apr-14-2021,2241.91,Apr-15-2021,2285.25
Apr-15-2021,2285.25,Apr-16-2021,2282.75
Apr-16-2021,2282.75,Apr-19-2021,2289.76
Apr-19-2021,2289.76,Apr-20-2021,2279.01
Apr-20-2021,2279.01,Apr-21-2021,2278.35
Apr-21-2021,2278.35,Apr-22-2021,2252.52
Apr-22-2021,2252.52,Apr-23-2021,2299.93
Apr-23-2021,2299.93,Apr-26-2021,2309.93
Apr-26-2021,2309.93,Apr-27-2021,2290.98
Apr-27-2021,2290.98,Apr-28-2021,2359.04
Apr-28-2021,2359.04,Apr-29-2021,2392.76
Apr-29-2021,2392.76,Apr-30-2021,2353.50
Apr-30-2021,2353.50,May-03-2021,2343.08
May-03-2021,2343.08,May-04-2021,2306.83
May-04-2021,2306.83,May-05-2021,2314.77
May-05-2021,2314.77,May-06-2021,2337.35
May-06-2021,2337.35,May-07-2021,2351.93
May-07-2021,2351.93,May-10-2021,2291.75
May-10-2021,2291.75,May-11-2021,2270.06
May-11-2021,2270.06,May-12-2021,2200.25
May-12-2021,2200.25,May-13-2021,2229.04
May-13-2021,2229.04,May-14-2021,2278.38
May-14-2021,2278.38,May-17-2021,2288.92
May-17-2021,2288.92,May-18-2021,2262.47
May-18-2021,2262.47,May-19-2021,2271.50
May-19-2021,2271.50,May-20-2021,2306.95
May-20-2021,2306.95,May-21-2021,2294.13
May-21-2021,2294.13,May-24-2021,2361.04
May-24-2021,2361.04,May-25-2021,2362.87
May-25-2021,2362.87,May-26-2021,2380.31
May-26-2021,2380.31,May-27-2021,2362.68
May-27-2021,2362.68,May-28-2021,2356.85
May-28-2021,2356.85,Jun-01-2021,2381.18
Jun-01-2021,2381.18,Jun-02-2021,2370.59
Jun-02-2021,2370.59,Jun-03-2021,2347.58
Jun-03-2021,2347.58,Jun-04-2021,2393.57
Jun-04-2021,2393.57,Jun-07-2021,2402.30
Jun-07-2021,2402.30,Jun-08-2021,2398.44
Jun-08-2021,2398.44,Jun-09-2021,2407.94
Jun-09-2021,2407.94,Jun-10-2021,2435.13
Jun-10-2021,2435.13,Jun-11-2021,2430.20
Jun-11-2021,2430.20,Jun-14-2021,2448.91
Jun-14-2021,2448.91,Jun-15-2021,2428.39
Jun-15-2021,2428.39,Jun-16-2021,2415.45
Jun-16-2021,2415.45,Jun-17-2021,2434.87
Jun-17-2021,2434.87,Jun-18-2021,2402.22
Jun-18-2021,2402.22,Jun-21-2021,2436.25
Jun-21-2021,2436.25,Jun-22-2021,2446.61
Jun-22-2021,2446.61,Jun-23-2021,2442.54
Jun-23-2021,2442.54,Jun-24-2021,2450.00
Jun-24-2021,2450.00,Jun-25-2021,2450.17
Jun-25-2021,2450.17,Jun-28-2021,2450.72
Jun-28-2021,2450.72,Jun-29-2021,2445.45
Jun-29-2021,2445.45,Jun-30-2021,2441.79
Jun-30-2021,2441.79,Jul-01-2021,2448.89
Jul-01-2021,2448.89,Jul-02-2021,2505.15
Jul-02-2021,2505.15,Jul-06-2021,2523.80
Jul-06-2021,2523.80,Jul-07-2021,2529.48
Jul-07-2021,2529.48,Jul-08-2021,2500.88
Jul-08-2021,2500.88,Jul-09-2021,2510.37
Jul-09-2021,2510.37,Jul-12-2021,2539.51
Jul-12-2021,2539.51,Jul-13-2021,2546.83
Jul-13-2021,2546.83,Jul-14-2021,2564.74
Jul-14-2021,2564.74,Jul-15-2021,2540.10
Jul-15-2021,2540.10,Jul-16-2021,2539.40
Jul-16-2021,2539.40,Jul-19-2021,2491.56
Jul-19-2021,2491.56,Jul-20-2021,2524.19
Jul-20-2021,2524.19,Jul-21-2021,2550.98
Jul-21-2021,2550.98,Jul-22-2021,2568.43
Jul-22-2021,2568.43,Jul-23-2021,2660.30
Jul-23-2021,2660.30,Jul-26-2021,2680.70
Jul-26-2021,2680.70,Jul-27-2021,2638.00
Jul-27-2021,2638.00,Jul-28-2021,2721.88
Jul-28-2021,2721.88,Jul-29-2021,2715.55
Jul-29-2021,2715.55,Jul-30-2021,2694.53
Jul-30-2021,2694.53,Aug-02-2021,2697.09
Aug-02-2021,2697.09,Aug-03-2021,2712.60
Aug-03-2021,2712.60,Aug-04-2021,2702.51
Aug-04-2021,2702.51,Aug-05-2021,2725.03
Aug-05-2021,2725.03,Aug-06-2021,2714.77
Aug-06-2021,2714.77,Aug-09-2021,2738.26
Aug-09-2021,2738.26,Aug-10-2021,2736.14
Aug-10-2021,2736.14,Aug-11-2021,2725.58
Aug-11-2021,2725.58,Aug-12-2021,2743.88
Aug-12-2021,2743.88,Aug-13-2021,2754.55
Aug-13-2021,2754.55,Aug-16-2021,2766.19
Aug-16-2021,2766.19,Aug-17-2021,2733.23
Aug-17-2021,2733.23,Aug-18-2021,2708.98
Aug-18-2021,2708.98,Aug-19-2021,2713.60
Aug-19-2021,2713.60,Aug-20-2021,2748.59
Aug-20-2021,2748.59,Aug-23-2021,2800.83
Aug-23-2021,2800.83,Aug-24-2021,2825.23
Aug-24-2021,2825.23,Aug-25-2021,2841.58
Aug-25-2021,2841.58,Aug-26-2021,2828.81
Aug-26-2021,2828.81,Aug-27-2021,2880.08
Aug-27-2021,2880.08,Aug-30-2021,2891.81
Aug-30-2021,2891.81,Aug-31-2021,2893.95
Aug-31-2021,2893.95,Sep-01-2021,2904.31
Sep-01-2021,2904.31,Sep-02-2021,2865.74
Sep-02-2021,2865.74,Sep-03-2021,2874.79
Sep-03-2021,2874.79,Sep-07-2021,2885.61
Sep-07-2021,2885.61,Sep-08-2021,2873.82
Sep-08-2021,2873.82,Sep-09-2021,2870.82
Sep-09-2021,2870.82,Sep-10-2021,2817.52
Sep-10-2021,2817.52,Sep-13-2021,2846.65
Sep-13-2021,2846.65,Sep-14-2021,2850.89
Sep-14-2021,2850.89,Sep-15-2021,2888.59
Sep-15-2021,2888.59,Sep-16-2021,2872.20
Sep-16-2021,2872.20,Sep-17-2021,2816.00
Sep-17-2021,2816.00,Sep-20-2021,2774.39
Sep-20-2021,2774.39,Sep-21-2021,2780.66
Sep-21-2021,2780.66,Sep-22-2021,2805.67
Sep-22-2021,2805.67,Sep-23-2021,2824.32
Sep-23-2021,2824.32,Sep-24-2021,2844.30
Sep-24-2021,2844.30,Sep-27-2021,2821.44
Sep-27-2021,2821.44,Sep-28-2021,2716.60
Sep-28-2021,2716.60,Sep-29-2021,2687.07
Sep-29-2021,2687.07,Sep-30-2021,2673.52
Sep-30-2021,2673.52,Oct-01-2021,2730.86
Oct-01-2021,2730.86,Oct-04-2021,2673.19
Oct-04-2021,2673.19,Oct-05-2021,2720.46
Oct-05-2021,2720.46,Oct-06-2021,2751.30
Oct-06-2021,2751.30,Oct-07-2021,2784.50
Oct-07-2021,2784.50,Oct-08-2021,2795.71
Oct-08-2021,2795.71,Oct-11-2021,2778.28
Oct-11-2021,2778.28,Oct-12-2021,2728.98
Oct-12-2021,2728.98,Oct-13-2021,2751.64
Oct-13-2021,2751.64,Oct-14-2021,2823.02
Oct-14-2021,2823.02,Oct-15-2021,2827.36
Oct-15-2021,2827.36,Oct-18-2021,2855.56
Oct-18-2021,2855.56,Oct-19-2021,2864.74
Oct-19-2021,2864.74,Oct-20-2021,2835.38
Oct-20-2021,2835.38,Oct-21-2021,2837.72
Oct-21-2021,2837.72,Oct-22-2021,2751.33
Oct-22-2021,2751.33,Oct-25-2021,2748.94
Oct-25-2021,2748.94,Oct-26-2021,2786.17
Oct-26-2021,2786.17,Oct-27-2021,2924.35
Oct-27-2021,2924.35,Oct-28-2021,2916.98
Oct-28-2021,2916.98,Oct-29-2021,2960.92
Oct-29-2021,2960.92,Nov-01-2021,2869.94
Nov-01-2021,2869.94,Nov-02-2021,2908.65
Nov-02-2021,2908.65,Nov-03-2021,2931.96
Nov-03-2021,2931.96,Nov-04-2021,2965.35
Nov-04-2021,2965.35,Nov-05-2021,2977.04
Nov-05-2021,2977.04,Nov-08-2021,2980.62
Nov-08-2021,2980.62,Nov-09-2021,2978.37
Nov-09-2021,2978.37,Nov-10-2021,2917.87
Nov-10-2021,2917.87,Nov-11-2021,2915.33
Nov-11-2021,2915.33,Nov-12-2021,2973.56
Nov-12-2021,2973.56,Nov-15-2021,2969.04
Nov-15-2021,2969.04,Nov-16-2021,2957.52
Nov-16-2021,2957.52,Nov-17-2021,2960.94
Nov-17-2021,2960.94,Nov-18-2021,2996.77
Nov-18-2021,2996.77,Nov-19-2021,2978.53
Nov-19-2021,2978.53,Nov-22-2021,2926.04
Nov-22-2021,2926.04,Nov-23-2021,2915.64
Nov-23-2021,2915.64,Nov-24-2021,2922.40
Nov-24-2021,2922.40,Nov-26-2021,2843.66
Nov-26-2021,2843.66,Nov-29-2021,2910.61
Nov-29-2021,2910.61,Nov-30-2021,2837.95
Nov-30-2021,2837.95,Dec-01-2021,2821.03
Dec-01-2021,2821.03,Dec-02-2021,2859.32
Dec-02-2021,2859.32,Dec-03-2021,2840.03
Dec-03-2021,2840.03,Dec-06-2021,2863.10
Dec-06-2021,2863.10,Dec-07-2021,2945.39
Dec-07-2021,2945.39,Dec-08-2021,2963.73
Dec-08-2021,2963.73,Dec-09-2021,2952.77
Dec-09-2021,2952.77,Dec-10-2021,2960.03
Dec-10-2021,2960.03,Dec-13-2021,2916.53
Dec-13-2021,2916.53,Dec-14-2021,2878.14
Dec-14-2021,2878.14,Dec-15-2021,2928.82
Dec-15-2021,2928.82,Dec-16-2021,2888.90
Dec-16-2021,2888.90,Dec-17-2021,2834.50
Dec-17-2021,2834.50,Dec-20-2021,2832.14
Dec-20-2021,2832.14,Dec-21-2021,2869.45
Dec-21-2021,2869.45,Dec-22-2021,2928.30
Dec-22-2021,2928.30,Dec-23-2021,2938.33
Dec-23-2021,2938.33,Dec-27-2021,2958.13
Dec-27-2021,2958.13,Dec-28-2021,2933.74
Dec-28-2021,2933.74,Dec-29-2021,2933.10
Dec-29-2021,2933.10,Dec-30-2021,2924.01
Dec-30-2021,2924.01,Dec-31-2021,2897.04
Dec-31-2021,2897.04,Jan-03-2022,2899.83
Jan-03-2022,2899.83,Jan-04-2022,2887.99
Jan-04-2022,2887.99,Jan-05-2022,2755.50
Jan-05-2022,2755.50,Jan-06-2022,2754.95
Jan-06-2022,2754.95,Jan-07-2022,2740.34
Jan-07-2022,2740.34,Jan-10-2022,2773.39
Jan-10-2022,2773.39,Jan-11-2022,2794.72
Jan-11-2022,2794.72,Jan-12-2022,2828.61
Jan-12-2022,2828.61,Jan-13-2022,2771.74
Jan-13-2022,2771.74,Jan-14-2022,2789.61
Jan-14-2022,2789.61,Jan-18-2022,2719.96
Jan-18-2022,2719.96,Jan-19-2022,2702.33
Jan-19-2022,2702.33,Jan-20-2022,2666.15
Jan-20-2022,2666.15,Jan-21-2022,2607.03
Jan-21-2022,2607.03,Jan-24-2022,2616.08
Jan-24-2022,2616.08,Jan-25-2022,2538.70
Jan-25-2022,2538.70,Jan-26-2022,2584.66
Jan-26-2022,2584.66,Jan-27-2022,2580.10
Jan-27-2022,2580.10,Jan-28-2022,2667.02
Jan-28-2022,2667.02,Jan-31-2022,2706.07
Jan-31-2022,2706.07,Feb-01-2022,2752.88
Feb-01-2022,2752.88,Feb-02-2022,2960.00
Feb-02-2022,2960.00,Feb-03-2022,2861.80
Feb-03-2022,2861.80,Feb-04-2022,2865.86
Feb-04-2022,2865.86,Feb-07-2022,2784.02
Feb-07-2022,2784.02,Feb-08-2022,2787.98
Feb-08-2022,2787.98,Feb-09-2022,2831.84
Feb-09-2022,2831.84,Feb-10-2022,2772.40
Feb-10-2022,2772.40,Feb-11-2022,2685.65
Feb-11-2022,2685.65,Feb-14-2022,2710.52
Feb-14-2022,2710.52,Feb-15-2022,2732.17
Feb-15-2022,2732.17,Feb-16-2022,2754.76
Feb-16-2022,2754.76,Feb-17-2022,2650.78
,,,
,,,